Facility ID,Facility Name,Address,City,State,ZIP Code,County Name,Phone Number,Hospital Type,Hospital Ownership,Emergency Services,Meets criteria for promoting interoperability of EHRs,Hospital overall rating,Hospital overall rating footnote,Mortality national comparison,Mortality national comparison footnote,Safety of care national comparison,Safety of care national comparison footnote,Readmission national comparison,Readmission national comparison footnote,Patient experience national comparison,Patient experience national comparison footnote,Effectiveness of care national comparison,Effectiveness of care national comparison footnote,Timeliness of care national comparison,Timeliness of care national comparison footnote,Efficient use of medical imaging national comparison,Efficient use of medical imaging national comparison footnote,Table 2
21314,MT EDGECUMBE HOSPITAL,222 TONGASS DR,SITKA,AK,99835,SITKA BOROUGH,(907) 966-2411,Critical Access Hospitals,Voluntary non-profit - Private,Yes,,Not Available,16,Not Available,5,Not Available,16,Not Available,5,Not Available,16,Not Available,5,Not Available,5,Not Available,16,
24001,NORTH STAR HOSPITAL,2530 DEBARR RD,ANCHORAGE,AK,99508,ANCHORAGE,(907) 264-3526,Psychiatric,Proprietary,Yes,,Not Available,19,Not Available,19,Not Available,19,Not Available,19,Not Available,19,Not Available,19,Not Available,19,Not Available,19,
21312,SAMUEL SIMMONDS MEMORIAL HOSPITAL,7000 UULA ST,BARROW,AK,99723,NORTH SLOPE BOROUH,(907) 852-4611,Critical Access Hospitals,Government - Federal,Yes,,Not Available,16,Not Available,16,Not Available,16,Same as the national average,,Not Available,16,Not Available,5,Not Available,16,Not Available,16,
20012,FAIRBANKS MEMORIAL HOSPITAL,1650 COWLES STREET,FAIRBANKS,AK,99701,FAIRBANKS NORTH STAR,(907) 452-8181,Acute Care Hospitals,Voluntary non-profit - Private,Yes,Y,4,,Same as the national average,,Same as the national average,,Above the national average,,Same as the national average,,Same as the national average,,Same as the national average,,Same as the national average,,
20017,ALASKA REGIONAL HOSPITAL,2801 DEBARR ROAD,ANCHORAGE,AK,99508,ANCHORAGE,(907) 276-1131,Acute Care Hospitals,Proprietary,Yes,Y,4,,Same as the national average,,Same as the national average,,Above the national average,,Same as the national average,,Same as the national average,,Above the national average,,Same as the national average,,
21301,PROVIDENCE VALDEZ MEDICAL CENTER,PO BOX 550,VALDEZ,AK,99686,VALDEZ-CORDOVA,(907) 835-2249,Critical Access Hospitals,Government - Local,Yes,Y,Not Available,16,Not Available,16,Not Available,16,Not Available,5,Not Available,16,Not Available,5,Same as the national average,,Not Available,16,
21304,PETERSBURG MEDICAL CENTER,PO BOX 589,PETERSBURG,AK,99833,PETERSBURG BOROUGH,(907) 772-4291,Critical Access Hospitals,Government - Local,Yes,,Not Available,16,Not Available,16,Not Available,16,Not Available,5,Not Available,16,Not Available,5,Not Available,5,Not Available,16,
21308,NORTON SOUND REGIONAL HOSPITAL,1000 GREG KRUSCHEK AVENUE (P O BOX 966),NOME,AK,99762,NOME,(907) 443-3311,Critical Access Hospitals,Tribal,Yes,,Not Available,16,Not Available,5,Not Available,16,Same as the national average,,Not Available,16,Not Available,16,Not Available,16,Not Available,16,
21313,SOUTH PENINSULA HOSPITAL,4300 BARTLETT ST,HOMER,AK,99603,KENAI PENINSULA,(907) 235-8101,Critical Access Hospitals,Voluntary non-profit - Private,Yes,Y,4,,Not Available,5,Not Available,16,Same as the national average,,Above the national average,,Same as the national average,,Not Available,5,Same as the national average,,
2014,Bassett ACH (FT Wainwright),4076 Neely Road,Fort Wainwright,AK,99703,FAIRBANKS NORTH STAR,(907) 361-4000,Acute Care - Department of Defense,Department of Defense,Yes,,Not Available,22,Not Available,22,Not Available,22,Not Available,22,Not Available,22,Not Available,22,Not Available,22,Not Available,22,
21302,PROVIDENCE SEWARD HOSPITAL,"417 FIRST AVENUE, PO BOX 365",SEWARD,AK,99664,KENAI PENINSULA,(907) 224-5205,Critical Access Hospitals,Government - Local,Yes,Y,Not Available,16,Not Available,16,Not Available,16,Not Available,5,Not Available,16,Not Available,5,Same as the national average,,Not Available,5,
21307,CORDOVA COMMUNITY MEDICAL CENTER,PO BOX 160 - 602 CHASE AVENUE,CORDOVA,AK,99574,VALDEZ-CORDOVA,(907) 424-8000,Critical Access Hospitals,Government - Local,Yes,,Not Available,16,Not Available,16,Not Available,16,Not Available,5,Not Available,16,Not Available,16,Above the national average,,Not Available,16,
20018,YUKON KUSKOKWIM DELTA REG HOSPITAL,PO BOX 287,BETHEL,AK,99559,BETHEL,(907) 543-6300,Acute Care Hospitals,Tribal,Yes,Y,3,17,Same as the national average,,Not Available,5,Above the national average,,Below the national average,,Same as the national average,,Not Available,5,Not Available,16,
21310,MANIILAQ HEALTH CENTER,PO BOX 43,KOTZEBUE,AK,99752,NORTHWEST ARTIC BOROUGH,(907) 442-3321,Critical Access Hospitals,Tribal,Yes,,Not Available,16,Not Available,16,Not Available,16,Not Available,16,Not Available,16,Not Available,16,Not Available,16,Not Available,5,
20006,MAT-SU REGIONAL MEDICAL CENTER,2500 SOUTH WOODWORTH LOOP,PALMER,AK,99645,MATANUSKA-SUSITNA,(907) 861-6000,Acute Care Hospitals,Voluntary non-profit - Other,Yes,Y,3,,Same as the national average,,Above the national average,,Above the national average,,Below the national average,,Same as the national average,,Same as the national average,,Same as the national average,,
20001,PROVIDENCE ALASKA MEDICAL CENTER,3200 PROVIDENCE DRIVE,ANCHORAGE,AK,99508,ANCHORAGE,(907) 562-2211,Acute Care Hospitals,Voluntary non-profit - Church,Yes,Y,4,,Same as the national average,,Above the national average,,Above the national average,,Same as the national average,,Below the national average,,Below the national average,,Above the national average,,
20008,BARTLETT REGIONAL HOSPITAL,3260 HOSPITAL DR,JUNEAU,AK,99801,JUNEAU,(907) 796-8900,Acute Care Hospitals,Government - Local,Yes,Y,4,,Same as the national average,,Same as the national average,,Above the national average,,Above the national average,,Same as the national average,,Same as the national average,,Same as the national average,,
21306,PROVIDENCE KODIAK ISLAND MEDICAL CTR,1915 EAST REZANOF DRIVE,KODIAK,AK,99615,KODIAK ISLAND BOROUGH,(907) 486-9592,Critical Access Hospitals,Voluntary non-profit - Church,Yes,Y,Not Available,16,Not Available,5,Not Available,16,Same as the national average,,Not Available,16,Not Available,16,Not Available,16,Not Available,5,
24002,ALASKA PSYCHIATRIC INSTITUTE,3700 PIPER STREET,ANCHORAGE,AK,99508,ANCHORAGE,(907) 269-7100,Psychiatric,Government - State,No,,Not Available,19,Not Available,19,Not Available,19,Not Available,19,Not Available,19,Not Available,19,Not Available,19,Not Available,19,
21305,SEARHC WRANGELL MEDICAL CENTER-CAH,310 BENNETT STREET PO BOX 1081,WRANGELL,AK,99929,WRANGELL CITY AND BOROUGH,(907) 874-7000,Critical Access Hospitals,Government - Local,No,,Not Available,16,Not Available,16,Not Available,16,Not Available,5,Not Available,16,Not Available,5,Above the national average,,Not Available,16,
20024,CENTRAL PENINSULA GENERAL HOSPITAL,250 HOSPITAL PLACE,SOLDOTNA,AK,99669,KENAI PENINSULA,(907) 262-4404,Acute Care Hospitals,Voluntary non-profit - Other,Yes,Y,3,,Same as the national average,,Below the national average,,Same as the national average,,Same as the national average,,Same as the national average,,Below the national average,,Same as the national average,,
2013,673rd Medical Group (Joint Base Elmendorf-Richardson),673 MDG 5955 Zeamer Ave,JBER,AK,99506,ANCHORAGE,(907) 384-1110,Acute Care - Department of Defense,Department of Defense,Yes,,Not Available,22,Not Available,22,Not Available,22,Not Available,22,Not Available,22,Not Available,22,Not Available,22,Not Available,22,
20026,ALASKA NATIVE MEDICAL CENTER,4315 DIPLOMACY DR,ANCHORAGE,AK,99508,ANCHORAGE,(907) 729-3971,Acute Care Hospitals,Government - Federal,Yes,Y,2,,Same as the national average,,Below the national average,,Below the national average,,Below the national average,,Same as the national average,,Below the national average,,Not Available,16,
21309,BRISTOL BAY AREA HEALTH CORPORATION,P O BOX 130,DILLINGHAM,AK,99576,DILLINGHAM,(907) 842-5201,Critical Access Hospitals,Voluntary non-profit - Private,Yes,,Not Available,16,Not Available,5,Not Available,16,Not Available,5,Not Available,16,Not Available,16,Not Available,16,Not Available,16,
21311,PEACEHEALTH KETCHIKAN MEDICAL CENTER,3100 TONGASS AVENUE,KETCHIKAN,AK,99901,KETCHIKAN GATEWAY,(907) 225-5171,Critical Access Hospitals,Voluntary non-profit - Church,Yes,Y,3,,Same as the national average,,Not Available,5,Same as the national average,,Same as the national average,,Same as the national average,,Same as the national average,,Same as the national average,,
14000,HILL CREST BEHAVIORAL HEALTH SERVICES,6869 FIFTH AVENUE SOUTH,BIRMINGHAM,AL,35212,JEFFERSON,(205) 833-9000,Psychiatric,Proprietary,No,,Not Available,19,Not Available,19,Not Available,19,Not Available,19,Not Available,19,Not Available,19,Not Available,19,Not Available,19,
10125,LAKELAND COMMUNITY HOSPITAL,42024 HIGHWAY 195 E,HALEYVILLE,AL,35565,WINSTON,(205) 485-7117,Acute Care Hospitals,Voluntary non-profit - Church,Yes,Y,5,,Above the national average,,Not Available,5,Above the national average,,Above the national average,,Same as the national average,,Above the national average,,Not Available,5,
10138,HILL HOSPITAL OF SUMTER COUNTY,751 DERBY DRIVE,YORK,AL,36925,SUMTER,(205) 392-5263,Acute Care Hospitals,Voluntary non-profit - Other,Yes,,Not Available,16,Not Available,16,Not Available,5,Not Available,16,Not Available,16,Not Available,5,Same as the national average,,Not Available,16,
10034,COMMUNITY HOSPITAL INC,805 FRIENDSHIP ROAD,TALLASSEE,AL,36078,ELMORE,(334) 283-6541,Acute Care Hospitals,Voluntary non-profit - Private,Yes,Y,4,,Same as the national average,,Not Available,5,Above the national average,,Same as the national average,,Same as the national average,,Same as the national average,,Not Available,5,
10168,JACK HUGHSTON MEMORIAL HOSPITAL,4401 RIVER CHASE DRIVE,PHENIX CITY,AL,36867,RUSSELL,(334) 732-3000,Acute Care Hospitals,Government - State,Yes,Y,5,,Not Available,5,Above the national average,,Above the national average,,Above the national average,,Below the national average,,Same as the national average,,Not Available,5,
10018,CALLAHAN EYE HOSPITAL,"1720 UNIVERSITY BLVD, SUITE 500",BIRMINGHAM,AL,35233,JEFFERSON,(205) 325-8100,Acute Care Hospitals,Voluntary non-profit - Private,Yes,Y,Not Available,16,Not Available,16,Not Available,5,Not Available,16,Not Available,16,Not Available,5,Same as the national average,,Not Available,16,
10069,MEDICAL CENTER BARBOUR,820 W WASHINGTON ST,EUFAULA,AL,36027,BARBOUR,(334) 688-7271,Acute Care Hospitals,Government - Hospital District or Authority,Yes,Y,3,,Same as the national average,,Not Available,5,Below the national average,,Below the national average,,Below the national average,,Above the national average,,Same as the national average,,
10086,NORTHWEST MEDICAL CENTER,1530 U S HIGHWAY 43,WINFIELD,AL,35594,FAYETTE,(205) 487-7736,Acute Care Hospitals,Proprietary,Yes,Y,4,,Same as the national average,,Not Available,5,Above the national average,,Same as the national average,,Same as the national average,,Same as the national average,,Same as the national average,,
10092,D C H REGIONAL MEDICAL CENTER,809 UNIVERSITY BOULEVARD EAST,TUSCALOOSA,AL,35401,TUSCALOOSA,(205) 759-7111,Acute Care Hospitals,Government - Hospital District or Authority,Yes,Y,2,,Same as the national average,,Below the national average,,Below the national average,,Below the national average,,Below the national average,,Below the national average,,Above the national average,,
10036,ANDALUSIA HEALTH,849 SOUTH THREE NOTCH STREET,ANDALUSIA,AL,36420,COVINGTON,(334) 222-8466,Acute Care Hospitals,Proprietary,Yes,Y,4,,Same as the national average,,Above the national average,,Above the national average,,Below the national average,,Same as the national average,,Above the national average,,Same as the national average,,
14018,UNITY PSYCHIATRIC CARE - HUNTSVILLE,"5315 MILLENIUM DRIVE, NW",HUNTSVILLE,AL,35806,MADISON,(256) 964-6700,Psychiatric,Proprietary,No,,Not Available,19,Not Available,19,Not Available,19,Not Available,19,Not Available,19,Not Available,19,Not Available,19,Not Available,19,
10055,FLOWERS HOSPITAL,4370 WEST MAIN STREET,DOTHAN,AL,36305,HOUSTON,(334) 793-5000,Acute Care Hospitals,Proprietary,Yes,Y,3,,Below the national average,,Above the national average,,Same as the national average,,Same as the national average,,Above the national average,,Same as the national average,,Same as the national average,,
10012,DEKALB REGIONAL MEDICAL CENTER,200 MED CENTER DRIVE,FORT PAYNE,AL,35968,DE KALB,(256) 845-3150,Acute Care Hospitals,Proprietary,Yes,Y,2,,Below the national average,,Above the national average,,Same as the national average,,Below the national average,,Same as the national average,,Above the national average,,Same as the national average,,
10144,SPRINGHILL MEDICAL CENTER,3719 DAUPHIN STREET,MOBILE,AL,36608,MOBILE,(251) 344-9630,Acute Care Hospitals,Proprietary,Yes,Y,2,,Below the national average,,Below the national average,,Below the national average,,Above the national average,,Same as the national average,,Below the national average,,Below the national average,,
10109,PICKENS COUNTY MEDICAL CENTER,241 ROBERT K WILSON DRIVE,CARROLLTON,AL,35447,PICKENS,(205) 367-8111,Acute Care Hospitals,Government - Local,Yes,,3,,Not Available,5,Not Available,5,Same as the national average,,Not Available,16,Same as the national average,,Same as the national average,,Same as the national average,,
10089,WALKER BAPTIST MEDICAL CENTER,3400 HIGHWAY 78 EAST,JASPER,AL,35502,WALKER,(205) 387-4000,Acute Care Hospitals,Voluntary non-profit - Private,Yes,Y,3,,Below the national average,,Above the national average,,Same as the national average,,Same as the national average,,Same as the national average,,Above the national average,,Same as the national average,,
10174,THOMASVILLE REGIONAL MEDICAL CENTER,300 MED PARK DRIVE,THOMASVILLE,AL,36784,CLARKE,(205) 873-1442,Acute Care Hospitals,Voluntary non-profit - Private,Yes,,Not Available,19,Not Available,19,Not Available,19,Not Available,19,Not Available,19,Not Available,19,Not Available,19,Not Available,19,
10007,MIZELL MEMORIAL HOSPITAL,702 N MAIN ST,OPP,AL,36467,COVINGTON,(334) 493-3541,Acute Care Hospitals,Voluntary non-profit - Private,Yes,Y,2,,Below the national average,,Same as the national average,,Below the national average,,Same as the national average,,Below the national average,,Above the national average,,Same as the national average,,
10113,MOBILE INFIRMARY MEDICAL CENTER,5 MOBILE INFIRMARY CIRCLE,MOBILE,AL,36652,MOBILE,(251) 435-4700,Acute Care Hospitals,Voluntary non-profit - Private,Yes,Y,2,,Below the national average,,Same as the national average,,Below the national average,,Same as the national average,,Same as the national average,,Below the national average,,Below the national average,,
10129,NORTH BALDWIN INFIRMARY,1815 HAND AVENUE,BAY MINETTE,AL,36507,BALDWIN,(251) 937-5521,Acute Care Hospitals,Voluntary non-profit - Private,Yes,Y,3,,Same as the national average,,Same as the national average,,Below the national average,,Above the national average,,Same as the national average,,Below the national average,,Not Available,5,
11300,WASHINGTON COUNTY HOSPITAL,14600 ST. STEPHENS AVENUE,CHATOM,AL,36518,WASHINGTON,(251) 847-2223,Critical Access Hospitals,Government - Hospital District or Authority,Yes,Y,Not Available,16,Not Available,16,Not Available,16,Not Available,5,Not Available,16,Not Available,5,Above the national average,,Same as the national average,,
14017,EASTPOINTE HOSPITAL,7400 ROPER LANE,DAPHNE,AL,36526,BALDWIN,(251) 378-6500,Psychiatric,Voluntary non-profit - Other,Yes,,Not Available,19,Not Available,19,Not Available,19,Not Available,19,Not Available,19,Not Available,19,Not Available,19,Not Available,19,
14016,"SANCTUARY AT THE WOODLANDS, THE","1910 CHEROKEE AVENUE, SW",CULLMAN,AL,35055,CULLMAN,(256) 739-1239,Psychiatric,Proprietary,No,,Not Available,19,Not Available,19,Not Available,19,Not Available,19,Not Available,19,Not Available,19,Not Available,19,Not Available,19,
10148,EVERGREEN MEDICAL CENTER,101 CRESTVIEW AVENUE,EVERGREEN,AL,36401,CONECUH,(251) 578-2480,Acute Care Hospitals,Proprietary,Yes,,4,,Same as the national average,,Not Available,5,Same as the national average,,Same as the national average,,Same as the national average,,Same as the national average,,Not Available,5,
10150,THE HEALTH CARE AUTHORITY OF THE CITY OF GREENVILLE- LV STABLER HOSPITAL,29 L V STABLER DRIVE,GREENVILLE,AL,36037,BUTLER,(334) 382-2200,Acute Care Hospitals,Proprietary,Yes,Y,2,,Same as the national average,,Not Available,5,Same as the national average,,Not Available,16,Same as the national average,,Same as the national average,,Not Available,5,
11305,ST VINCENTS BLOUNT,150 GILBREATH DRIVE,ONEONTA,AL,35121,BLOUNT,(205) 274-3000,Critical Access Hospitals,Voluntary non-profit - Private,No,Y,3,,Same as the national average,,Not Available,5,Same as the national average,,Same as the national average,,Below the national average,,Above the national average,,Not Available,5,
10039,HUNTSVILLE HOSPITAL,101 SIVLEY RD,HUNTSVILLE,AL,35801,MADISON,(256) 265-1000,Acute Care Hospitals,Government - Hospital District or Authority,Yes,Y,2,,Below the national average,,Below the national average,,Below the national average,,Same as the national average,,Same as the national average,,Below the national average,,Below the national average,,
10051,GREENE COUNTY HOSPITAL,509 WILSON AVENUE,EUTAW,AL,35462,GREENE,(205) 372-3388,Acute Care Hospitals,Government - Local,Yes,,Not Available,16,Not Available,16,Not Available,5,Not Available,5,Not Available,16,Not Available,5,Same as the national average,,Not Available,5,
10061,HIGHLANDS MEDICAL CENTER,380 WOODS COVE ROAD,SCOTTSBORO,AL,35768,JACKSON,(256) 259-4444,Acute Care Hospitals,Government - Hospital District or Authority,Yes,Y,2,,Same as the national average,,Below the national average,,Above the national average,,Below the national average,,Same as the national average,,Same as the national average,,Not Available,5,
10114,"MEDICAL WEST, AN AFFILIATE OF UAB HEALTH SYSTEM",995 9TH AVENUE SOUTHWEST,BESSEMER,AL,35021,JEFFERSON,(205) 481-7000,Acute Care Hospitals,Government - Hospital District or Authority,Yes,Y,3,,Same as the national average,,Below the national average,,Above the national average,,Below the national average,,Same as the national average,,Above the national average,,Same as the national average,,
10038,STRINGFELLOW MEMORIAL HOSPITAL,301 EAST 18TH ST,ANNISTON,AL,36201,CALHOUN,(256) 235-8900,Acute Care Hospitals,Proprietary,Yes,Y,2,,Same as the national average,,Below the national average,,Below the national average,,Below the national average,,Same as the national average,,Above the national average,,Same as the national average,,
10023,BAPTIST MEDICAL CENTER SOUTH,2105 EAST SOUTH BOULEVARD,MONTGOMERY,AL,36116,MONTGOMERY,(334) 288-2100,Acute Care Hospitals,Government - Hospital District or Authority,Yes,Y,2,,Below the national average,,Above the national average,,Below the national average,,Below the national average,,Same as the national average,,Below the national average,,Same as the national average,,
14007,BRYCE HOSPITAL,200 UNIVERSITY BLVD,TUSCALOOSA,AL,35401,TUSCALOOSA,(205) 759-0750,Psychiatric,Government - State,No,,Not Available,19,Not Available,19,Not Available,19,Not Available,19,Not Available,19,Not Available,19,Not Available,19,Not Available,19,
10056,ST VINCENT'S BIRMINGHAM,810 ST VINCENT'S DRIVE,BIRMINGHAM,AL,35205,JEFFERSON,(205) 939-7000,Acute Care Hospitals,Voluntary non-profit - Private,Yes,Y,4,,Same as the national average,,Same as the national average,,Above the national average,,Above the national average,,Below the national average,,Same as the national average,,Same as the national average,,
14012,MARY S HARPER GERIATRIC PSYCHIATRY CENTER,201 UNIVERSITY BLVD,TUSCALOOSA,AL,35401,TUSCALOOSA,(205) 759-0900,Psychiatric,Government - State,Yes,,Not Available,19,Not Available,19,Not Available,19,Not Available,19,Not Available,19,Not Available,19,Not Available,19,Not Available,19,
10021,DALE MEDICAL CENTER,126 HOSPITAL AVE,OZARK,AL,36360,DALE,(334) 774-2601,Acute Care Hospitals,Government - Hospital District or Authority,Yes,,4,,Same as the national average,,Not Available,5,Same as the national average,,Above the national average,,Same as the national average,,Above the national average,,Same as the national average,,
10112,WHITFIELD REGIONAL HOSPITAL,105 HIGHWAY 80 EAST,DEMOPOLIS,AL,36732,MARENGO,(334) 289-4000,Acute Care Hospitals,Government - Hospital District or Authority,Yes,,3,,Same as the national average,,Not Available,5,Below the national average,,Not Available,16,Same as the national average,,Same as the national average,,Same as the national average,,
10022,CHEROKEE MEDICAL CENTER,400 NORTHWOOD DR,CENTRE,AL,35960,CHEROKEE,(256) 927-5531,Acute Care Hospitals,Voluntary non-profit - Private,Yes,Y,Not Available,16,Not Available,5,Not Available,5,Not Available,5,Not Available,16,Same as the national average,,Same as the national average,,Not Available,16,
11302,RED BAY HOSPITAL,211 HOSPITAL ROAD,RED BAY,AL,35582,FRANKLIN,(256) 356-9532,Critical Access Hospitals,Government - Hospital District or Authority,Yes,Y,Not Available,16,Not Available,5,Not Available,16,Not Available,5,Not Available,16,Not Available,5,Same as the national average,,Not Available,5,
10158,RUSSELLVILLE HOSPITAL,15155 HIGHWAY 43,RUSSELLVILLE,AL,35653,FRANKLIN,(256) 332-1611,Acute Care Hospitals,Proprietary,Yes,,4,,Same as the national average,,Above the national average,,Same as the national average,,Same as the national average,,Same as the national average,,Same as the national average,,Same as the national average,,
10099,D W MCMILLAN MEMORIAL HOSPITAL,1301 BELLEVILLE AVENUE,BREWTON,AL,36426,ESCAMBIA,(251) 867-8061,Acute Care Hospitals,Government - Hospital District or Authority,Yes,,3,,Same as the national average,,Not Available,5,Above the national average,,Same as the national average,,Same as the national average,,Above the national average,,Same as the national average,,
10079,ATHENS LIMESTONE HOSPITAL,700 WEST MARKET STREET,ATHENS,AL,35611,LIMESTONE,(256) 233-9292,Acute Care Hospitals,Government - Hospital District or Authority,Yes,Y,3,,Same as the national average,,Below the national average,,Above the national average,,Same as the national average,,Same as the national average,,Same as the national average,,Same as the national average,,
14014,BAYPOINTE BEHAVIORAL HEALTH,5800 SOUTHLAND DRIVE,MOBILE,AL,36693,MOBILE,(251) 662-7998,Psychiatric,Voluntary non-profit - Other,No,,Not Available,19,Not Available,19,Not Available,19,Not Available,19,Not Available,19,Not Available,19,Not Available,19,Not Available,19,
10087,USA HEALTH UNIVERSITY HOSPITAL,2451 FILLINGIM STREET,MOBILE,AL,36617,MOBILE,(251) 471-7110,Acute Care Hospitals,Government - State,Yes,Y,3,,Same as the national average,,Above the national average,,Same as the national average,,Same as the national average,,Same as the national average,,Below the national average,,Below the national average,,
10102,J PAUL JONES HOSPITAL,317 MCWILLIAMS AVENUE,CAMDEN,AL,36726,WILCOX,(334) 682-4131,Acute Care Hospitals,Voluntary non-profit - Other,Yes,Y,Not Available,16,Not Available,5,Not Available,5,Not Available,5,Not Available,16,Not Available,5,Above the national average,,Not Available,5,
10103,PRINCETON BAPTIST MEDICAL CENTER,701 PRINCETON AVENUE SOUTHWEST,BIRMINGHAM,AL,35211,JEFFERSON,(205) 783-3800,Acute Care Hospitals,Voluntary non-profit - Church,Yes,Y,2,,Same as the national average,,Below the national average,,Below the national average,,Below the national average,,Same as the national average,,Same as the national average,,Below the national average,,
10058,BIBB MEDICAL CENTER,208 PIERSON AVE,CENTREVILLE,AL,35042,BIBB,(205) 926-4881,Acute Care Hospitals,Government - Hospital District or Authority,Yes,Y,3,,Not Available,5,Not Available,5,Same as the national average,,Not Available,16,Same as the national average,,Above the national average,,Same as the national average,,
10173,ST VINCENT'S CHILTON,2030 LAY DAM ROAD,CLANTON,AL,35045,CHILTON,(205) 258-4400,Acute Care Hospitals,Voluntary non-profit - Church,Yes,Y,4,,Not Available,5,Not Available,5,Same as the national average,,Above the national average,,Below the national average,,Same as the national average,,Same as the national average,,
10120,MONROE COUNTY HOSPITAL,2016 SOUTH ALABAMA AVENUE,MONROEVILLE,AL,36460,MONROE,(251) 575-3111,Acute Care Hospitals,Government - Local,Yes,Y,3,,Same as the national average,,Not Available,5,Below the national average,,Above the national average,,Same as the national average,,Above the national average,,Same as the national average,,
10045,FAYETTE MEDICAL CENTER,1653 TEMPLE AVENUE NORTH,FAYETTE,AL,35555,FAYETTE,(205) 932-5966,Acute Care Hospitals,Voluntary non-profit - Other,Yes,Y,5,,Same as the national average,,Not Available,5,Same as the national average,,Above the national average,,Same as the national average,,Above the national average,,Same as the national average,,
10040,GADSDEN REGIONAL MEDICAL CENTER,1007 GOODYEAR AVENUE,GADSDEN,AL,35903,ETOWAH,(256) 494-4000,Acute Care Hospitals,Proprietary,Yes,Y,2,,Same as the national average,,Below the national average,,Below the national average,,Below the national average,,Below the national average,,Same as the national average,,Below the national average,,
10097,ELMORE COMMUNITY HOSPITAL,500 HOSPITAL DRIVE,WETUMPKA,AL,36092,ELMORE,(334) 567-4311,Acute Care Hospitals,Government - State,Yes,Y,4,,Not Available,5,Not Available,5,Same as the national average,,Same as the national average,,Same as the national average,,Above the national average,,Not Available,5,
11306,TANNER MEDICAL CENTER-EAST ALABAMA,1032 MAIN STREET SOUTH,WEDOWEE,AL,36278,RANDOLPH,(256) 357-2111,Critical Access Hospitals,Government - Hospital District or Authority,Yes,,Not Available,16,Not Available,16,Not Available,16,Not Available,16,Not Available,16,Same as the national average,,Not Available,5,Not Available,16,
10083,SOUTH BALDWIN REGIONAL MEDICAL CENTER,1613 NORTH MCKENZIE STREET,FOLEY,AL,36535,BALDWIN,(251) 949-3400,Acute Care Hospitals,Proprietary,Yes,Y,5,,Same as the national average,,Above the national average,,Above the national average,,Above the national average,,Same as the national average,,Same as the national average,,Below the national average,,
10006,NORTH ALABAMA MEDICAL CENTER,1701 VETERANS DRIVE,FLORENCE,AL,35630,LAUDERDALE,(256) 768-8400,Acute Care Hospitals,Proprietary,Yes,Y,2,,Below the national average,,Same as the national average,,Above the national average,,Below the national average,,Same as the national average,,Above the national average,,Below the national average,,
10016,SHELBY BAPTIST MEDICAL CENTER,1000 FIRST STREET NORTH,ALABASTER,AL,35007,SHELBY,(205) 620-8100,Acute Care Hospitals,Voluntary non-profit - Private,Yes,Y,2,,Same as the national average,,Below the national average,,Below the national average,,Below the national average,,Same as the national average,,Same as the national average,,Below the national average,,
10008,CRENSHAW COMMUNITY HOSPITAL,101 HOSPITAL CIRCLE,LUVERNE,AL,36049,CRENSHAW,(334) 335-3374,Acute Care Hospitals,Proprietary,Yes,,4,,Same as the national average,,Not Available,5,Above the national average,,Not Available,16,Same as the national average,,Above the national average,,Not Available,5,
10149,BAPTIST MEDICAL CENTER EAST,400 TAYLOR ROAD,MONTGOMERY,AL,36117,MONTGOMERY,(334) 244-8330,Acute Care Hospitals,Government - Hospital District or Authority,Yes,Y,5,,Same as the national average,,Above the national average,,Above the national average,,Same as the national average,,Same as the national average,,Below the national average,,Same as the national average,,
10131,CRESTWOOD MEDICAL CENTER,ONE HOSPITAL DR SE,HUNTSVILLE,AL,35801,MADISON,(256) 882-3100,Acute Care Hospitals,Proprietary,Yes,Y,2,,Same as the national average,,Below the national average,,Below the national average,,Below the national average,,Same as the national average,,Below the national average,,Same as the national average,,
10078,NORTHEAST ALABAMA REGIONAL MEDICAL CENTER,400 EAST 10TH STREET,ANNISTON,AL,36207,CALHOUN,(256) 235-5121,Acute Care Hospitals,Government - Local,Yes,Y,2,,Same as the national average,,Below the national average,,Above the national average,,Below the national average,,Same as the national average,,Same as the national average,,Below the national average,,
10073,CLAY COUNTY HOSPITAL,83825 HIGHWAY 9    P O BOX 1270,ASHLAND,AL,36251,CLAY,(256) 354-2131,Acute Care Hospitals,Government - Hospital District or Authority,Yes,Y,4,,Same as the national average,,Not Available,5,Above the national average,,Above the national average,,Same as the national average,,Same as the national average,,Not Available,5,
10044,MARION REGIONAL MEDICAL CENTER,1256 MILITARY STREET SOUTH,HAMILTON,AL,35570,MARION,(205) 921-6200,Acute Care Hospitals,Voluntary non-profit - Private,Yes,Y,4,,Same as the national average,,Not Available,5,Same as the national average,,Not Available,16,Same as the national average,,Above the national average,,Not Available,5,
10062,WIREGRASS MEDICAL CENTER,1200 W MAPLE AVENUE,GENEVA,AL,36340,GENEVA,(334) 684-3655,Acute Care Hospitals,Government - Hospital District or Authority,Yes,,4,,Same as the national average,,Not Available,5,Above the national average,,Same as the national average,,Same as the national average,,Above the national average,,Below the national average,,
10100,THOMAS HOSPITAL,750 MORPHY AVENUE,FAIRHOPE,AL,36532,BALDWIN,(251) 928-2375,Acute Care Hospitals,Voluntary non-profit - Private,Yes,Y,3,,Same as the national average,,Above the national average,,Same as the national average,,Above the national average,,Same as the national average,,Same as the national average,,Below the national average,,
10033,UNIVERSITY OF ALABAMA HOSPITAL,619 SOUTH 19TH STREET,BIRMINGHAM,AL,35233,JEFFERSON,(205) 934-4011,Acute Care Hospitals,Government - State,Yes,Y,2,,Above the national average,,Below the national average,,Below the national average,,Above the national average,,Below the national average,,Below the national average,,Below the national average,,
10118,VAUGHAN REGIONAL MEDICAL CENTER PARKWAY CAMPUS,1015 MEDICAL CENTER PARKWAY,SELMA,AL,36701,DALLAS,(334) 418-4100,Acute Care Hospitals,Proprietary,Yes,Y,2,,Same as the national average,,Above the national average,,Below the national average,,Below the national average,,Same as the national average,,Same as the national average,,Same as the national average,,
10101,CITIZENS BAPTIST MEDICAL CENTER,604 STONE AVENUE,TALLADEGA,AL,35161,TALLADEGA,(256) 761-4542,Acute Care Hospitals,Voluntary non-profit - Private,Yes,Y,3,,Same as the national average,,Not Available,5,Below the national average,,Same as the national average,,Same as the national average,,Above the national average,,Same as the national average,,
10052,LAKE MARTIN COMMUNITY HOSPITAL,201 MARIARDEN ROAD,DADEVILLE,AL,36853,TALLAPOOSA,(256) 825-7821,Acute Care Hospitals,Proprietary,Yes,Y,3,,Not Available,5,Not Available,5,Below the national average,,Same as the national average,,Same as the national average,,Above the national average,,Not Available,5,
10046,RIVERVIEW REGIONAL MEDICAL CENTER,600 SOUTH THIRD STREET,GADSDEN,AL,35901,ETOWAH,(256) 543-5200,Acute Care Hospitals,Proprietary,Yes,Y,4,,Same as the national average,,Above the national average,,Below the national average,,Below the national average,,Same as the national average,,Above the national average,,Not Available,5,
10108,PRATTVILLE BAPTIST HOSPITAL,124 S MEMORIAL DR,PRATTVILLE,AL,36067,AUTAUGA,(334) 361-4267,Acute Care Hospitals,Government - Hospital District or Authority,Yes,Y,5,,Above the national average,,Above the national average,,Same as the national average,,Above the national average,,Same as the national average,,Same as the national average,,Same as the national average,,
10065,RUSSELL MEDICAL CENTER,3316 HIGHWAY 280,ALEXANDER CITY,AL,35010,TALLAPOOSA,(256) 329-7100,Acute Care Hospitals,Voluntary non-profit - Private,Yes,Y,3,,Same as the national average,,Same as the national average,,Below the national average,,Same as the national average,,Same as the national average,,Above the national average,,Same as the national average,,
10126,TROY REGIONAL MEDICAL CENTER,1330 HIGHWAY 231 SOUTH,TROY,AL,36081,PIKE,(334) 670-5000,Acute Care Hospitals,Government - Federal,Yes,,3,,Same as the national average,,Same as the national average,,Same as the national average,,Same as the national average,,Same as the national average,,Above the national average,,Same as the national average,,
10049,MEDICAL CENTER ENTERPRISE,400 N EDWARDS STREET,ENTERPRISE,AL,36330,COFFEE,(334) 347-0584,Acute Care Hospitals,Proprietary,Yes,Y,4,,Same as the national average,,Above the national average,,Same as the national average,,Same as the national average,,Same as the national average,,Above the national average,,Same as the national average,,
10005,MARSHALL MEDICAL CENTERS,2505 U S HIGHWAY 431 NORTH,BOAZ,AL,35957,MARSHALL,(256) 593-8310,Acute Care Hospitals,Government - Hospital District or Authority,Yes,Y,2,,Below the national average,,Same as the national average,,Above the national average,,Same as the national average,,Same as the national average,,Above the national average,,Below the national average,,
10164,COOSA VALLEY MEDICAL CENTER,315 W HICKORY ST,SYLACAUGA,AL,35150,TALLADEGA,(256) 249-5000,Acute Care Hospitals,Government - Hospital District or Authority,Yes,Y,2,,Same as the national average,,Same as the national average,,Below the national average,,Below the national average,,Same as the national average,,Same as the national average,,Same as the national average,,
10029,EAST ALABAMA MEDICAL CENTER AND SNF,2000 PEPPERELL PARKWAY,OPELIKA,AL,36801,LEE,(334) 749-3411,Acute Care Hospitals,Government - Hospital District or Authority,Yes,Y,4,,Below the national average,,Above the national average,,Above the national average,,Above the national average,,Same as the national average,,Above the national average,,Below the national average,,
10090,PROVIDENCE HOSPITAL,6801 AIRPORT BOULEVARD,MOBILE,AL,36608,MOBILE,(251) 633-1000,Acute Care Hospitals,Voluntary non-profit - Church,Yes,Y,2,,Below the national average,,Below the national average,,Below the national average,,Below the national average,,Above the national average,,Same as the national average,,Below the national average,,
10019,HELEN KELLER HOSPITAL,1300 SOUTH MONTGOMERY AVENUE,SHEFFIELD,AL,35660,COLBERT,(256) 386-4556,Acute Care Hospitals,Government - Hospital District or Authority,Yes,,4,,Same as the national average,,Above the national average,,Above the national average,,Same as the national average,,Same as the national average,,Above the national average,,Below the national average,,
10157,SHOALS HOSPITAL,201 WEST AVALON AVENUE,MUSCLE SHOALS,AL,35661,COLBERT,(256) 386-1601,Acute Care Hospitals,Government - Hospital District or Authority,Yes,Y,2,,Same as the national average,,Same as the national average,,Below the national average,,Above the national average,,Below the national average,,Same as the national average,,Below the national average,,
10035,CULLMAN REGIONAL MEDICAL CENTER,1912 ALABAMA HIGHWAY 157,CULLMAN,AL,35058,CULLMAN,(256) 737-2000,Acute Care Hospitals,Government - Hospital District or Authority,Yes,Y,2,,Same as the national average,,Below the national average,,Below the national average,,Below the national average,,Same as the national average,,Above the national average,,Same as the national average,,
10095,HALE COUNTY HOSPITAL,508 GREEN STREET,GREENSBORO,AL,36744,HALE,(334) 624-3024,Acute Care Hospitals,Government - Hospital District or Authority,Yes,Y,4,,Not Available,5,Not Available,5,Same as the national average,,Above the national average,,Not Available,5,Same as the national average,,Not Available,5,
13300,THE CHILDREN'S HOSPITAL OF ALABAMA,1600 SEVENTH AVENUE SOUTH,BIRMINGHAM,AL,35233,JEFFERSON,(205) 939-9100,Childrens,Voluntary non-profit - Private,Yes,,Not Available,19,Not Available,19,Not Available,19,Not Available,19,Not Available,19,Not Available,19,Not Available,19,Not Available,19,
10169,ATMORE COMMUNITY HOSPITAL,401 MEDICAL PARK DRIVE,ATMORE,AL,36502,ESCAMBIA,(251) 368-2500,Acute Care Hospitals,Government - Hospital District or Authority,Yes,Y,3,,Same as the national average,,Not Available,5,Same as the national average,,Below the national average,,Same as the national average,,Above the national average,,Not Available,5,
10130,ST VINCENT'S ST CLAIR,7063 VETERANS PARKWAY,PELL CITY,AL,35125,ST. CLAIR,(205) 338-3301,Acute Care Hospitals,Voluntary non-profit - Private,Yes,Y,3,,Same as the national average,,Not Available,5,Same as the national average,,Above the national average,,Same as the national average,,Above the national average,,Not Available,5,
10059,LAWRENCE MEDICAL CENTER,202 HOSPITAL STREET,MOULTON,AL,35650,LAWRENCE,(256) 974-2200,Acute Care Hospitals,Government - Hospital District or Authority,Yes,Y,4,,Same as the national average,,Not Available,5,Above the national average,,Not Available,16,Same as the national average,,Above the national average,,Not Available,5,
10128,JACKSON MEDICAL CENTER,220 HOSPITAL DRIVE,JACKSON,AL,36545,CLARKE,(251) 246-9021,Acute Care Hospitals,Proprietary,Yes,,2,,Same as the national average,,Not Available,5,Below the national average,,Not Available,16,Same as the national average,,Above the national average,,Not Available,5,
10024,JACKSON HOSPITAL & CLINIC INC,1725 PINE STREET,MONTGOMERY,AL,36106,MONTGOMERY,(334) 293-8000,Acute Care Hospitals,Voluntary non-profit - Private,Yes,Y,2,,Below the national average,,Below the national average,,Below the national average,,Same as the national average,,Same as the national average,,Below the national average,,Same as the national average,,
10091,GROVE HILL MEMORIAL HOSPITAL,295 JACKSON HWY S,GROVE HILL,AL,36451,CLARKE,(251) 275-3191,Acute Care Hospitals,Government - Hospital District or Authority,Yes,,2,,Same as the national average,,Not Available,5,Same as the national average,,Below the national average,,Below the national average,,Same as the national average,,Not Available,5,
14006,MOUNTAIN VIEW HOSPITAL,3201 SCENIC HIGHWAY,GADSDEN,AL,35902,ETOWAH,(256) 546-9265,Psychiatric,Proprietary,No,,Not Available,19,Not Available,19,Not Available,19,Not Available,19,Not Available,19,Not Available,19,Not Available,19,Not Available,19,
10110,BULLOCK COUNTY HOSPITAL,102 WEST CONECUH AVENUE,UNION SPRINGS,AL,36089,BULLOCK,(334) 738-2140,Acute Care Hospitals,Proprietary,Yes,Y,Not Available,16,Not Available,5,Not Available,5,Not Available,5,Not Available,16,Not Available,5,Above the national average,,Not Available,5,
10139,BROOKWOOD BAPTIST MEDICAL CENTER,2010 BROOKWOOD MEDICAL CENTER DRIVE,BIRMINGHAM,AL,35209,JEFFERSON,(205) 877-1000,Acute Care Hospitals,Proprietary,Yes,Y,3,,Same as the national average,,Above the national average,,Below the national average,,Same as the national average,,Same as the national average,,Same as the national average,,Below the national average,,
13301,USA HEALTH CHILDREN'S & WOMEN'S HOSPITAL,1700 CENTER STREET,MOBILE,AL,36604,MOBILE,(251) 415-1000,Childrens,Government - State,Yes,,Not Available,5,Not Available,5,Not Available,5,Not Available,5,Not Available,5,Not Available,5,Not Available,5,Not Available,5,
10104,GRANDVIEW MEDICAL CENTER,3690 GRANDVIEW PARKWAY,BIRMINGHAM,AL,35243,JEFFERSON,(205) 971-1000,Acute Care Hospitals,Proprietary,Yes,Y,3,,Same as the national average,,Above the national average,,Below the national average,,Above the national average,,Same as the national average,,Same as the national average,,Same as the national average,,
14015,BEACON CHILDREN'S HOSPITAL,150 HOSPITAL DRIVE,LUVERNE,AL,36049,CRENSHAW,(334) 335-5040,Psychiatric,Proprietary,No,,Not Available,19,Not Available,19,Not Available,19,Not Available,19,Not Available,19,Not Available,19,Not Available,19,Not Available,19,
10085,DECATUR MORGAN HOSPITAL - DECATUR CAMPUS,1201 7TH STREET SE,DECATUR,AL,35601,MORGAN,(256) 341-2000,Acute Care Hospitals,Government - Hospital District or Authority,Yes,Y,3,,Same as the national average,,Same as the national average,,Below the national average,,Same as the national average,,Below the national average,,Below the national average,,Below the national average,,
10011,ST. VINCENT'S EAST,50 MEDICAL PARK EAST DRIVE,BIRMINGHAM,AL,35235,JEFFERSON,(205) 838-3122,Acute Care Hospitals,Voluntary non-profit - Private,Yes,Y,2,,Same as the national average,,Below the national average,,Same as the national average,,Below the national average,,Below the national average,,Below the national average,,Same as the national average,,
11304,CHOCTAW GENERAL HOSPITAL,"401 VANITY FAIR LANE, PO BOX 618",BUTLER,AL,36904,CHOCTAW,(205) 459-9100,Critical Access Hospitals,Voluntary non-profit - Private,Yes,,Not Available,16,Not Available,5,Not Available,16,Not Available,5,Not Available,16,Not Available,5,Same as the national average,,Not Available,5,
10001,SOUTHEAST ALABAMA MEDICAL CENTER,1108 ROSS CLARK CIRCLE,DOTHAN,AL,36301,HOUSTON,(334) 793-8701,Acute Care Hospitals,Government - Hospital District or Authority,Yes,Y,2,,Below the national average,,Same as the national average,,Below the national average,,Below the national average,,Same as the national average,,Same as the national average,,Same as the national average,,
40153,WADLEY REGIONAL MEDICAL CENTER AT HOPE,2001 SOUTH MAIN,HOPE,AR,71801,HEMPSTEAD,(870) 722-3800,Acute Care Hospitals,Proprietary,Yes,Y,3,,Same as the national average,,Not Available,5,Below the national average,,Not Available,16,Same as the national average,,Above the national average,,Not Available,5,
40027,BAXTER REGIONAL MEDICAL CENTER,624 HOSPITAL DRIVE,MOUNTAIN HOME,AR,72653,BAXTER,(870) 508-1000,Acute Care Hospitals,Voluntary non-profit - Private,Yes,Y,2,,Below the national average,,Same as the national average,,Below the national average,,Above the national average,,Same as the national average,,Above the national average,,Below the national average,,
44004,VANTAGE POINT OF NORTHWEST ARKANSAS,4253 CROSSOVER ROAD,FAYETTEVILLE,AR,72703,WASHINGTON,(479) 521-5731,Psychiatric,Proprietary,No,,Not Available,19,Not Available,19,Not Available,19,Not Available,19,Not Available,19,Not Available,19,Not Available,19,Not Available,19,
40084,SALINE MEMORIAL HOSPITAL,#1 MEDICAL PARK DRIVE,BENTON,AR,72015,SALINE,(501) 776-6000,Acute Care Hospitals,Proprietary,Yes,Y,2,,Below the national average,,Above the national average,,Below the national average,,Below the national average,,Below the national average,,Below the national average,,Same as the national average,,
40017,NORTH ARKANSAS REGIONAL MEDICAL CENTER,620 NORTH MAIN STREET,HARRISON,AR,72601,BOONE,(870) 414-4000,Acute Care Hospitals,Voluntary non-profit - Private,Yes,Y,2,,Same as the national average,,Same as the national average,,Below the national average,,Below the national average,,Same as the national average,,Same as the national average,,Same as the national average,,
41303,MERCY HOSPITAL OZARK,801 WEST RIVER STREET,OZARK,AR,72949,FRANKLIN,(479) 667-4138,Critical Access Hospitals,Voluntary non-profit - Private,Yes,Y,3,,Same as the national average,,Not Available,16,Same as the national average,,Not Available,16,Same as the national average,,Not Available,5,Not Available,5,
41322,FULTON COUNTY HOSPITAL,679 NORTH MAIN STREET,SALEM,AR,72576,FULTON,(870) 895-2691,Critical Access Hospitals,Voluntary non-profit - Other,Yes,Y,4,,Same as the national average,,Not Available,16,Same as the national average,,Above the national average,,Not Available,5,Above the national average,,Not Available,5,
40004,WASHINGTON REGIONAL MEDICAL CENTER,3215 N NORTH HILLS BOULEVARD,FAYETTEVILLE,AR,72703,WASHINGTON,(479) 463-5113,Acute Care Hospitals,Voluntary non-profit - Private,Yes,Y,2,,Below the national average,,Below the national average,,Above the national average,,Same as the national average,,Same as the national average,,Same as the national average,,Same as the national average,,
41318,MERCY HOSPITAL BOONEVILLE,880 WEST MAIN,BOONEVILLE,AR,72927,LOGAN,(479) 675-2800,Critical Access Hospitals,Voluntary non-profit - Private,Yes,Y,Not Available,16,Not Available,5,Not Available,16,Not Available,5,Not Available,16,Same as the national average,,Not Available,5,Not Available,5,
41316,SOUTH MISSISSIPPI COUNTY REGIONAL MEDICAL CENTER,611 WEST LEE AVENUE,OSCEOLA,AR,72370,MISSISSIPPI,(870) 563-7000,Critical Access Hospitals,Government - Local,Yes,Y,4,,Same as the national average,,Not Available,16,Same as the national average,,Not Available,16,Not Available,5,Above the national average,,Not Available,5,
40047,FIVE RIVERS MEDICAL CENTER,2801 MEDICAL CENTER DRIVE,POCAHONTAS,AR,72455,RANDOLPH,(870) 892-6000,Acute Care Hospitals,Government - Local,Yes,,2,,Same as the national average,,Not Available,5,Below the national average,,Same as the national average,,Same as the national average,,Above the national average,,Same as the national average,,
40088,MEDICAL CENTER OF SOUTH ARKANSAS,700 WEST GROVE STREET,EL DORADO,AR,71730,UNION,(870) 863-2000,Acute Care Hospitals,Proprietary,Yes,Y,3,,Same as the national average,,Below the national average,,Above the national average,,Below the national average,,Same as the national average,,Same as the national average,,Same as the national average,,
44011,ARKANSAS STATE HOSPITAL,305 S PALM STREET,LITTLE ROCK,AR,72205,PULASKI,(501) 686-9000,Psychiatric,Government - State,No,,Not Available,19,Not Available,19,Not Available,19,Not Available,19,Not Available,19,Not Available,19,Not Available,19,Not Available,19,
41300,NORTH LOGAN MERCY HOSPITAL,500 EAST ACADEMY,PARIS,AR,72855,LOGAN,(479) 963-6101,Critical Access Hospitals,Voluntary non-profit - Church,Yes,Y,Not Available,16,Not Available,5,Not Available,16,Not Available,5,Not Available,16,Same as the national average,,Not Available,5,Not Available,5,
40156,"BAPTIST MEMORIAL HOSPITAL-CRITTENDEN, INC",2100 NORTH SEVENTH STREET,WEST MEMPHIS,AR,72301,CRITTENDEN,(870) 394-7800,Acute Care Hospitals,Voluntary non-profit - Private,Yes,Y,Not Available,16,Not Available,16,Not Available,16,Not Available,16,Not Available,16,Not Available,16,Not Available,16,Not Available,16,
40119,WHITE RIVER MEDICAL CENTER,1710 HARRISON STREET,BATESVILLE,AR,72503,INDEPENDENCE,(870) 262-1200,Acute Care Hospitals,Voluntary non-profit - Private,Yes,,4,,Same as the national average,,Same as the national average,,Above the national average,,Same as the national average,,Same as the national average,,Above the national average,,Above the national average,,
40076,BAPTIST HEALTH MEDICAL CENTER-HOT SPRINGS COUNTY,1001 SCHNEIDER DRIVE,MALVERN,AR,72104,HOT SPRING,(501) 332-1000,Acute Care Hospitals,Voluntary non-profit - Private,Yes,Y,4,,Same as the national average,,Not Available,5,Same as the national average,,Same as the national average,,Same as the national average,,Above the national average,,Same as the national average,,
40001,SILOAM SPRINGS REGIONAL HOSPITAL,603 NORTH PROGRESS AVENUE,SILOAM SPRINGS,AR,72761,BENTON,(479) 524-4141,Acute Care Hospitals,Voluntary non-profit - Other,Yes,Y,3,,Same as the national average,,Same as the national average,,Above the national average,,Same as the national average,,Same as the national average,,Above the national average,,Same as the national average,,
41310,STONE COUNTY MEDICAL CENTER,2106 EAST MAIN STREET,MOUNTAIN VIEW,AR,72560,STONE,(870) 269-4361,Critical Access Hospitals,Voluntary non-profit - Private,Yes,,4,,Same as the national average,,Not Available,5,Above the national average,,Above the national average,,Same as the national average,,Same as the national average,,Same as the national average,,
40018,BAPTIST HEALTH - VAN BUREN,211 CRAWFORD MEMORIAL DRIVE,VAN BUREN,AR,72956,CRAWFORD,(479) 474-3401,Acute Care Hospitals,Proprietary,Yes,Y,3,,Not Available,5,Not Available,5,Same as the national average,,Same as the national average,,Same as the national average,,Above the national average,,Not Available,5,
43301,"ARKANSAS CHILDREN'S NORTHWEST, INC",2601 GENE GEORGE BOULEVARD,SPRINGDALE,AR,72762,WASHINGTON,(479) 725-6800,Childrens,Voluntary non-profit - Private,Yes,,Not Available,19,Not Available,19,Not Available,19,Not Available,19,Not Available,19,Not Available,19,Not Available,19,Not Available,19,
40010,MERCY HOSPITAL NORTHWEST ARKANSAS,2710 SOUTH RIFE MEDICAL LANE,ROGERS,AR,72758,BENTON,(479) 338-8000,Acute Care Hospitals,Voluntary non-profit - Church,Yes,Y,5,,Same as the national average,,Above the national average,,Above the national average,,Same as the national average,,Same as the national average,,Same as the national average,,Below the national average,,
40022,NORTHWEST MEDICAL CENTER-SPRINGDALE,609 WEST MAPLE AVENUE,SPRINGDALE,AR,72764,WASHINGTON,(479) 751-5711,Acute Care Hospitals,Proprietary,Yes,Y,2,,Below the national average,,Above the national average,,Above the national average,,Below the national average,,Same as the national average,,Same as the national average,,Same as the national average,,
40020,ST BERNARDS MEDICAL CENTER,225 E JACKSON,JONESBORO,AR,72401,CRAIGHEAD,(870) 972-4100,Acute Care Hospitals,Voluntary non-profit - Private,Yes,,1,,Below the national average,,Above the national average,,Below the national average,,Same as the national average,,Same as the national average,,Same as the national average,,Same as the national average,,
41311,HOWARD MEMORIAL HOSPITAL,130 MEDICAL CIRCLE,NASHVILLE,AR,71852,HOWARD,(870) 845-4400,Critical Access Hospitals,Voluntary non-profit - Private,Yes,Y,4,,Same as the national average,,Not Available,16,Above the national average,,Not Available,16,Not Available,5,Above the national average,,Not Available,5,
40029,CONWAY REGIONAL HEALTH SYSTEM,2302 COLLEGE AVENUE,CONWAY,AR,72034,FAULKNER,(501) 329-3831,Acute Care Hospitals,Voluntary non-profit - Private,Yes,Y,1,,Below the national average,,Below the national average,,Below the national average,,Above the national average,,Same as the national average,,Above the national average,,Same as the national average,,
41328,CHICOT MEMORIAL MEDICAL CENTER,2729 SOUTH HIGHWAY 65 & 82,LAKE VILLAGE,AR,71653,CHICOT,(870) 265-5351,Critical Access Hospitals,Voluntary non-profit - Private,Yes,Y,3,,Same as the national average,,Not Available,16,Same as the national average,,Not Available,16,Not Available,5,Above the national average,,Below the national average,,
41323,ASHLEY COUNTY MEDICAL CENTER,1015 UNITY ROAD,CROSSETT,AR,71635,ASHLEY,(870) 364-4111,Critical Access Hospitals,Voluntary non-profit - Private,Yes,,3,,Same as the national average,,Not Available,16,Same as the national average,,Same as the national average,,Not Available,5,Above the national average,,Below the national average,,
40071,JEFFERSON REGIONAL MEDICAL CENTER,1600 WEST 40TH AVENUE,PINE BLUFF,AR,71603,JEFFERSON,(870) 541-7100,Acute Care Hospitals,Voluntary non-profit - Private,Yes,Y,1,,Below the national average,,Below the national average,,Below the national average,,Below the national average,,Same as the national average,,Same as the national average,,Same as the national average,,
41327,BRADLEY COUNTY MEDICAL CENTER,404 SOUTH BRADLEY STREET,WARREN,AR,71671,BRADLEY,(870) 226-3731,Critical Access Hospitals,Voluntary non-profit - Private,Yes,,4,,Same as the national average,,Not Available,16,Above the national average,,Not Available,16,Same as the national average,,Same as the national average,,Same as the national average,,
44006,VALLEY BEHAVIORAL HEALTH SYSTEM,10301 MAYO DRIVE,BARLING,AR,72923,SEBASTIAN,(479) 494-5700,Psychiatric,Voluntary non-profit - Other,No,,Not Available,19,Not Available,19,Not Available,19,Not Available,19,Not Available,19,Not Available,19,Not Available,19,Not Available,19,
41302,DARDANELLE HOSPITAL,200 NORTH THIRD STREET,DARDANELLE,AR,72834,YELL,(479) 229-4677,Critical Access Hospitals,Government - Local,Yes,,2,,Not Available,5,Not Available,16,Below the national average,,Not Available,16,Not Available,5,Above the national average,,Same as the national average,,
44017,UNITED METHODIST BEHAVIORAL HOSPITAL,1601 MURPHY DRIVE,MAUMELLE,AR,72113,PULASKI,(501) 803-3388,Psychiatric,Voluntary non-profit - Private,No,,Not Available,19,Not Available,19,Not Available,19,Not Available,19,Not Available,19,Not Available,19,Not Available,19,Not Available,19,
40069,GREAT RIVER MEDICAL CENTER,1520 N DIVISION STREET,BLYTHEVILLE,AR,72315,MISSISSIPPI,(870) 838-7300,Acute Care Hospitals,Government - Local,Yes,Y,2,,Same as the national average,,Not Available,5,Below the national average,,Below the national average,,Same as the national average,,Above the national average,,Same as the national average,,
40137,ST VINCENT MEDICAL CENTER/NORTH,2215 WILDWOOD AVENUE,SHERWOOD,AR,72120,PULASKI,(501) 552-7100,Acute Care Hospitals,Voluntary non-profit - Church,Yes,Y,3,,Same as the national average,,Not Available,5,Above the national average,,Same as the national average,,Same as the national average,,Same as the national average,,Same as the national average,,
40147,ARKANSAS SURGICAL HOSPITAL,5201 NORTH SHORE DRIVE,NO LITTLE ROCK,AR,72118,PULASKI,(501) 748-8000,Acute Care Hospitals,Proprietary,Yes,Y,Not Available,16,Not Available,16,Above the national average,,Not Available,5,Above the national average,,Not Available,5,Not Available,5,Not Available,5,
44022,CONWAY BEHAVIORAL HEALTH,2255 STURGIS ROAD,CONWAY,AR,72034,FAULKNER,(501) 205-0011,Psychiatric,Proprietary,No,,Not Available,19,Not Available,19,Not Available,19,Not Available,19,Not Available,19,Not Available,19,Not Available,19,Not Available,19,
40154,BAPTIST HEALTH MEDICAL CENTER- CONWAY,1555 EXCHANGE AVENUE,CONWAY,AR,72032,FAULKNER,(501) 585-2000,Acute Care Hospitals,Voluntary non-profit - Private,Yes,Y,4,,Same as the national average,,Above the national average,,Above the national average,,Above the national average,,Same as the national average,,Above the national average,,Same as the national average,,
41306,"IZARD COUNTY MEDICAL CENTER, LLC",61 GRASSE STREET,CALICO ROCK,AR,72519,BAXTER,(870) 297-2400,Critical Access Hospitals,Proprietary,Yes,,3,,Same as the national average,,Not Available,16,Same as the national average,,Not Available,16,Not Available,5,Above the national average,,Not Available,5,
40152,NORTHWEST HEALTH PHYSICIANS SPECIALTY HOSPITAL,3873 NORTH PARKVIEW DRIVE,FAYETTEVILLE,AR,72703,WASHINGTON,(479) 571-7002,Acute Care Hospitals,Proprietary,Yes,Y,Not Available,16,Not Available,16,Not Available,5,Not Available,5,Above the national average,,Not Available,5,Not Available,5,Not Available,5,
41313,OZARK HEALTH,2500 HIGHWAY 65 SOUTH,CLINTON,AR,72031,VAN BUREN,(501) 745-7000,Critical Access Hospitals,Voluntary non-profit - Private,Yes,Y,3,,Same as the national average,,Not Available,5,Below the national average,,Not Available,16,Not Available,5,Above the national average,,Same as the national average,,
41304,EUREKA SPRINGS HOSPITAL COMMISSION,24 NORRIS STREET,EUREKA SPRINGS,AR,72632,CARROLL,(479) 253-7400,Critical Access Hospitals,Voluntary non-profit - Private,Yes,,Not Available,16,Not Available,5,Not Available,16,Same as the national average,,Not Available,16,Not Available,5,Not Available,5,Not Available,5,
41317,DALLAS COUNTY MEDICAL CENTER,201 CLIFTON STREET,FORDYCE,AR,71742,DALLAS,(870) 352-6300,Critical Access Hospitals,Government - Local,Yes,,Not Available,16,Not Available,5,Not Available,16,Not Available,5,Not Available,16,Not Available,5,Above the national average,,Not Available,5,
40078,NATIONAL PARK MEDICAL CENTER,1910 MALVERN AVENUE,HOT SPRINGS,AR,71901,GARLAND,(501) 321-1000,Acute Care Hospitals,Proprietary,Yes,Y,1,,Same as the national average,,Below the national average,,Below the national average,,Below the national average,,Same as the national average,,Below the national average,,Below the national average,,
41309,LAWRENCE MEMORIAL HOSPITAL,1309 WEST MAIN STREET,WALNUT RIDGE,AR,72476,LAWRENCE,(870) 886-1200,Critical Access Hospitals,Government - Local,Yes,,3,,Same as the national average,,Not Available,5,Below the national average,,Not Available,16,Not Available,5,Above the national average,,Not Available,5,
41314,"DEWITT HOSPITAL & NURSING HOME, INC",1641 WHITEHEAD DRIVE,DE WITT,AR,72042,ARKANSAS,(870) 946-3571,Critical Access Hospitals,Voluntary non-profit - Private,Yes,,3,,Same as the national average,,Not Available,16,Same as the national average,,Not Available,16,Not Available,5,Above the national average,,Not Available,5,
40072,BAPTIST HEALTH MEDICAL CENTER-STUTTGART,1703 NORTH BUERKLE ST,STUTTGART,AR,72160,ARKANSAS,(870) 673-3511,Acute Care Hospitals,Voluntary non-profit - Private,Yes,Y,5,,Same as the national average,,Same as the national average,,Same as the national average,,Above the national average,,Same as the national average,,Above the national average,,Not Available,5,
40026,ST VINCENT HOT SPRINGS,300 WERNER STREET,HOT SPRINGS,AR,71903,GARLAND,(501) 622-1000,Acute Care Hospitals,Voluntary non-profit - Church,Yes,Y,3,,Same as the national average,,Above the national average,,Below the national average,,Below the national average,,Same as the national average,,Above the national average,,Below the national average,,
41330,PIGGOTT COMMUNITY HOSPITAL,216 EAST MAIN STREET,PIGGOTT,AR,72454,CLAY,(870) 598-3881,Critical Access Hospitals,Government - Local,Yes,Y,2,,Same as the national average,,Not Available,16,Below the national average,,Not Available,16,Not Available,5,Above the national average,,Not Available,5,
40074,NORTH METRO MEDICAL CENTER,1400 BRADEN STREET,JACKSONVILLE,AR,72076,PULASKI,(501) 985-7000,Acute Care Hospitals,Proprietary,Yes,,2,,Same as the national average,,Not Available,5,Below the national average,,Not Available,16,Same as the national average,,Same as the national average,,Not Available,5,
40002,JOHNSON REGIONAL MEDICAL CENTER,1100 EAST POPLAR STREET,CLARKSVILLE,AR,72830,JOHNSON,(479) 754-5454,Acute Care Hospitals,Government - Local,Yes,Y,2,,Same as the national average,,Below the national average,,Below the national average,,Same as the national average,,Same as the national average,,Above the national average,,Same as the national average,,
41326,DELTA MEMORIAL HOSPITAL,811 HIGHWAY 65 SOUTH,DUMAS,AR,71639,DESHA,(870) 382-4303,Critical Access Hospitals,Voluntary non-profit - Private,Yes,,2,,Same as the national average,,Not Available,16,Below the national average,,Not Available,16,Not Available,5,Above the national average,,Not Available,5,
40134,"ARKANSAS HEART HOSPITAL, LLC",1701 S SHACKLEFORD ROAD,LITTLE ROCK,AR,72211,PULASKI,(501) 219-7000,Acute Care Hospitals,Proprietary,Yes,Y,5,,Same as the national average,,Above the national average,,Below the national average,,Above the national average,,Same as the national average,,Same as the national average,,Same as the national average,,
40007,CHI-ST VINCENT INFIRMARY,TWO ST VINCENT CIRCLE,LITTLE ROCK,AR,72205,PULASKI,(501) 552-3000,Acute Care Hospitals,Voluntary non-profit - Private,Yes,Y,1,,Same as the national average,,Below the national average,,Below the national average,,Below the national average,,Same as the national average,,Below the national average,,Same as the national average,,
40051,DREW MEMORIAL HOSPITAL,778 SCOGIN DRIVE,MONTICELLO,AR,71655,DREW,(870) 367-2411,Acute Care Hospitals,Voluntary non-profit - Private,Yes,Y,3,,Same as the national average,,Not Available,5,Same as the national average,,Same as the national average,,Below the national average,,Same as the national average,,Below the national average,,
41320,LITTLE RIVER MEMORIAL HOSPITAL,451 WEST LOCKE STREET,ASHDOWN,AR,71822,LITTLE RIVER,(870) 898-5011,Critical Access Hospitals,Voluntary non-profit - Private,Yes,Y,Not Available,16,Not Available,5,Not Available,16,Not Available,5,Not Available,16,Not Available,5,Above the national average,,Not Available,5,
40014,WHITE COUNTY MEDICAL CENTER,3214 EAST RACE AVENUE,SEARCY,AR,72143,WHITE,(501) 278-3100,Acute Care Hospitals,Voluntary non-profit - Private,Yes,Y,2,,Same as the national average,,Above the national average,,Below the national average,,Same as the national average,,Same as the national average,,Same as the national average,,Same as the national average,,
41308,MCGEHEE HOSPITAL,900 SOUTH THIRD STREET,MCGEHEE,AR,71654,DESHA,(870) 222-5600,Critical Access Hospitals,Voluntary non-profit - Private,Yes,Y,Not Available,16,Not Available,5,Not Available,16,Not Available,5,Not Available,16,Not Available,5,Same as the national average,,Same as the national average,,
40132,LEVI HOSPITAL,300 PROSPECT AVE,HOT SPRINGS,AR,71901,GARLAND,(501) 624-1281,Acute Care Hospitals,Voluntary non-profit - Private,Yes,,Not Available,16,Not Available,16,Not Available,5,Not Available,16,Not Available,16,Not Available,5,Not Available,16,Not Available,16,
40036,BAPTIST HEALTH MEDICAL CENTER NORTH LITTLE ROCK,3333 SPRINGHILL DRIVE,NORTH LITTLE ROCK,AR,72117,PULASKI,(501) 202-3000,Acute Care Hospitals,Voluntary non-profit - Private,Yes,Y,3,,Below the national average,,Same as the national average,,Above the national average,,Same as the national average,,Below the national average,,Same as the national average,,Same as the national average,,
40016,UAMS MEDICAL CENTER,4301 WEST MARKHAM STREET MAIL SLOT 612,LITTLE ROCK,AR,72205,PULASKI,(501) 686-5000,Acute Care Hospitals,Government - State,Yes,Y,1,,Same as the national average,,Below the national average,,Below the national average,,Same as the national average,,Same as the national average,,Below the national average,,Above the national average,,
41324,CHI ST VINCENT MORRILTON,#4 HOSPITAL DRIVE,MORRILTON,AR,72110,CONWAY,(501) 977-2300,Critical Access Hospitals,Voluntary non-profit - Church,Yes,Y,3,,Same as the national average,,Not Available,16,Same as the national average,,Not Available,16,Same as the national average,,Above the national average,,Same as the national average,,
40118,"BAPTIST MEMORIAL HOSPITAL JONESBORO, INC.",4800 EAST JOHNSON AVENUE,JONESBORO,AR,72401,CRAIGHEAD,(870) 972-7000,Acute Care Hospitals,Voluntary non-profit - Private,Yes,Y,2,,Same as the national average,,Above the national average,,Below the national average,,Above the national average,,Below the national average,,Above the national average,,Below the national average,,
40114,BAPTIST HEALTH MEDICAL CENTER-LITTLE ROCK,9601 INTERSTATE,LITTLE ROCK,AR,72205,PULASKI,(501) 202-2000,Acute Care Hospitals,Voluntary non-profit - Private,Yes,Y,2,,Below the national average,,Above the national average,,Below the national average,,Below the national average,,Same as the national average,,Same as the national average,,Same as the national average,,
40039,ARKANSAS METHODIST MEDICAL CENTER,900 WEST KINGSHIGHWAY,PARAGOULD,AR,72450,GREENE,(870) 239-7000,Acute Care Hospitals,Voluntary non-profit - Private,Yes,Y,2,,Same as the national average,,Above the national average,,Below the national average,,Below the national average,,Same as the national average,,Above the national average,,Same as the national average,,
44005,"BRIDGEWAY INC, THE",21 BRIDGEWAY ROAD,NORTH LITTLE ROCK,AR,72113,PULASKI,(501) 771-1500,Psychiatric,Proprietary,Yes,,Not Available,19,Not Available,19,Not Available,19,Not Available,19,Not Available,19,Not Available,19,Not Available,19,Not Available,19,
41321,BAPTIST HEALTH MEDICAL CENTER-ARKADELPHIA,3050 TWIN RIVERS DRIVE,ARKADELPHIA,AR,71923,CLARK,(870) 245-2622,Critical Access Hospitals,Voluntary non-profit - Private,Yes,Y,4,,Same as the national average,,Not Available,5,Same as the national average,,Above the national average,,Same as the national average,,Above the national average,,Same as the national average,,
43300,ARKANSAS CHILDRENS HOSPITAL,"1 CHILDREN'S WAY, SLOT 301",LITTLE ROCK,AR,72202,PULASKI,(501) 364-1100,Childrens,Voluntary non-profit - Private,Yes,,Not Available,5,Not Available,5,Not Available,5,Not Available,5,Not Available,5,Not Available,5,Not Available,5,Not Available,5,
40015,MENA REGIONAL HEALTH SYSTEM,311 NORTH MORROW STREET,MENA,AR,71953,POLK,(479) 394-6100,Acute Care Hospitals,Government - Local,Yes,Y,3,,Same as the national average,,Not Available,5,Same as the national average,,Not Available,16,Same as the national average,,Above the national average,,Same as the national average,,
44020,RIVERVIEW BEHAVIORAL HEALTH,701 ARKANSAS BOULEVARD SUITE 300,TEXARKANA,AR,71854,MILLER,(870) 772-5028,Psychiatric,Proprietary,No,,Not Available,19,Not Available,19,Not Available,19,Not Available,19,Not Available,19,Not Available,19,Not Available,19,Not Available,19,
40067,MAGNOLIA HOSPITAL,101 HOSPITAL DRIVE,MAGNOLIA,AR,71754,COLUMBIA,(870) 235-3000,Acute Care Hospitals,Government - Local,Yes,Y,2,,Same as the national average,,Not Available,5,Below the national average,,Same as the national average,,Same as the national average,,Same as the national average,,Same as the national average,,
40055,BAPTIST HEALTH - FORT SMITH,1001 TOWSON AVENUE,FORT SMITH,AR,72901,SEBASTIAN,(479) 441-4000,Acute Care Hospitals,Proprietary,Yes,Y,1,,Below the national average,,Below the national average,,Same as the national average,,Below the national average,,Same as the national average,,Same as the national average,,Below the national average,,
40011,CHAMBERS MEMORIAL HOSPITAL,719 DETROIT STREET,DANVILLE,AR,72833,YELL,(479) 495-2241,Acute Care Hospitals,Voluntary non-profit - Private,Yes,Y,3,,Same as the national average,,Not Available,5,Below the national average,,Same as the national average,,Below the national average,,Above the national average,,Not Available,5,
40085,HELENA REGIONAL MEDICAL CENTER,1801 MARTIN LUTHER KING JR DRIVE,HELENA,AR,72342,PHILLIPS,(870) 338-5800,Acute Care Hospitals,Proprietary,Yes,Y,2,,Same as the national average,,Not Available,5,Below the national average,,Same as the national average,,Same as the national average,,Above the national average,,Not Available,5,
44007,RIVENDELL BEHAVIORAL HEALTH SERVICES OF ARKANSAS,100 RIVENDELL DRIVE,BENTON,AR,72019,SALINE,(501) 316-1255,Psychiatric,Proprietary,No,,Not Available,19,Not Available,19,Not Available,19,Not Available,19,Not Available,19,Not Available,19,Not Available,19,Not Available,19,
40019,FORREST CITY MEDICAL CENTER,1601 NEWCASTLE ROAD,FORREST CITY,AR,72335,ST. FRANCIS,(870) 261-0000,Acute Care Hospitals,Proprietary,Yes,Y,3,,Same as the national average,,Not Available,5,Below the national average,,Same as the national average,,Same as the national average,,Same as the national average,,Same as the national average,,
